SQL> ed
SP2-0107: Nothing to save.
SQL> skl;
SP2-0042: unknown command "skl" - rest of line ignored.
SQL> ed
SP2-0107: Nothing to save.
SQL> select * from ;
select * from 
             *
ERROR at line 1:
ORA-00903: invalid table name 


SQL> ed
Wrote file afiedt.buf

  1* select deptno from emp where ename  (select ename from emp where sal in(select sal from emp where sal between 2000 and 3000))
SQL> select sal from emp where sal between 2000 and 3000;

       SAL                                                                      
----------                                                                      
      2975                                                                      
      2850                                                                      
      2450                                                                      
      3000                                                                      
      3000                                                                      

SQL> select ename from emp where sal in(select sal from emp where sal between 2000 and 3000);

ENAME                                                                           
----------                                                                      
JONES                                                                           
BLAKE                                                                           
CLARK                                                                           
FORD                                                                            
SCOTT                                                                           

SQL> select ename from emp where sal in(select sal from emp where sal between 2000 and 3000 ) and ename not like'S%';

ENAME                                                                           
----------                                                                      
JONES                                                                           
BLAKE                                                                           
CLARK                                                                           
FORD                                                                            

SQL> ed
Wrote file afiedt.buf

  1* select deptno from emp where ename in (select ename from emp where sal in(select sal from emp where sal between 2000 and 3000 ) and ename not like'S%')
SQL> /

    DEPTNO                                                                      
----------                                                                      
        20                                                                      
        30                                                                      
        10                                                                      
        20                                                                      

SQL> ed
Wrote file afiedt.buf

  1* select deptno from emp where ename in (select ename from emp where sal in(select sal from emp where sal between 2000 and 3000 ) and ename not like'S%')
SQL> ed
Wrote file afiedt.buf

  1* select dname from dept where deptno in (select deptno from emp where ename in (select ename from emp where sal in(select sal from emp where sal between 2000 and 3000 ) and ename not like'S%'))
SQL> /

DNAME                                                                           
--------------                                                                  
SALES                                                                           
RESEARCH                                                                        
ACCOUNTING                                                                      

SQL> ed
Wrote file afiedt.buf

  1* select dname from dept where deptno in (select deptno from emp where ename in (select ename from emp where sal in(select sal from emp where sal between 2000 and 3000 ) and ename not like'S%'))
SQL> ed
Wrote file afiedt.buf

  1* select loc from dept where deptno in(select deptno from emp where ename in (select ename from emp where sal in(select min(sal) from emp where sal in (select sal from emp where sal>2000))))
SQL> /

LOC                                                                             
-------------                                                                   
NEW YORK                                                                        

SQL> ed
Wrote file afiedt.buf

  1* select loc from dept where deptno in(select deptno from emp where ename in (select ename from emp where sal in(select min(sal) from emp where sal in (select sal from emp where sal>2000))))
SQL> select loc from dept where dname ='ACCOUNTING';

LOC                                                                             
-------------                                                                   
NEW YORK                                                                        

SQL> ED
Wrote file afiedt.buf

  1* SELECT DNAME FROM DEPT WHERE DEPTNO IN(SELECT DEPTNO FROM EMP GROUP BY DEPTNO HAVING COUNT(DEPTNO))>4
SQL> /
SELECT DNAME FROM DEPT WHERE DEPTNO IN(SELECT DEPTNO FROM EMP GROUP BY DEPTNO HAVING COUNT(DEPTNO))>4
                                                                                                  *
ERROR at line 1:
ORA-00920: invalid relational operator 


SQL> ED
Wrote file afiedt.buf

  1* SELECT DNAME FROM DEPT WHERE DEPTNO IN(SELECT DEPTNO FROM EMP GROUP BY DEPTNO HAVING COUNT(DEPTNO)>4)
SQL> /

DNAME                                                                           
--------------                                                                  
SALES                                                                           
RESEARCH                                                                        

SQL> ED
Wrote file afiedt.buf

  1* SELECT DNAME FROM DEPT WHERE DEPTNO IN(SELECT DEPTNO FROM EMP GROUP BY DEPTNO HAVING COUNT(DEPTNO)>4)
SQL> SELECT * FROM EMP;

     EMPNO ENAME      JOB              MGR HIREDATE         SAL       COMM      
---------- ---------- --------- ---------- --------- ---------- ----------      
    DEPTNO                                                                      
----------                                                                      
      7369 SMITH      CLERK           7902 17-DEC-80        800                 
        20                                                                      
                                                                                
      7499 ALLEN      SALESMAN        7698 20-FEB-81       1600        300      
        30                                                                      
                                                                                
      7521 WARD       SALESMAN        7698 22-FEB-81       1250        500      
        30                                                                      
                                                                                

     EMPNO ENAME      JOB              MGR HIREDATE         SAL       COMM      
---------- ---------- --------- ---------- --------- ---------- ----------      
    DEPTNO                                                                      
----------                                                                      
      7566 JONES      MANAGER         7839 02-APR-81       2975                 
        20                                                                      
                                                                                
      7654 MARTIN     SALESMAN        7698 28-SEP-81       1250       1400      
        30                                                                      
                                                                                
      7698 BLAKE      MANAGER         7839 01-MAY-81       2850                 
        30                                                                      
                                                                                

     EMPNO ENAME      JOB              MGR HIREDATE         SAL       COMM      
---------- ---------- --------- ---------- --------- ---------- ----------      
    DEPTNO                                                                      
----------                                                                      
      7782 CLARK      MANAGER         7839 09-JUN-81       2450                 
        10                                                                      
                                                                                
      7788 SCOTT      ANALYST         7566 19-APR-87       3000                 
        20                                                                      
                                                                                
      7839 KING       PRESIDENT            17-NOV-81       5000                 
        10                                                                      
                                                                                

     EMPNO ENAME      JOB              MGR HIREDATE         SAL       COMM      
---------- ---------- --------- ---------- --------- ---------- ----------      
    DEPTNO                                                                      
----------                                                                      
      7844 TURNER     SALESMAN        7698 08-SEP-81       1500          0      
        30                                                                      
                                                                                
      7876 ADAMS      CLERK           7788 23-MAY-87       1100                 
        20                                                                      
                                                                                
      7900 JAMES      CLERK           7698 03-DEC-81        950                 
        30                                                                      
                                                                                

     EMPNO ENAME      JOB              MGR HIREDATE         SAL       COMM      
---------- ---------- --------- ---------- --------- ---------- ----------      
    DEPTNO                                                                      
----------                                                                      
      7902 FORD       ANALYST         7566 03-DEC-81       3000                 
        20                                                                      
                                                                                
      7934 MILLER     CLERK           7782 23-JAN-82       1300                 
        10                                                                      
                                                                                

14 rows selected.

SQL> SET LINES 100 PAGES 100
SQL> ED
Wrote file afiedt.buf

  1* SELECT * FROM EMP
SQL> /

     EMPNO ENAME      JOB              MGR HIREDATE         SAL       COMM     DEPTNO               
---------- ---------- --------- ---------- --------- ---------- ---------- ----------               
      7369 SMITH      CLERK           7902 17-DEC-80        800                    20               
      7499 ALLEN      SALESMAN        7698 20-FEB-81       1600        300         30               
      7521 WARD       SALESMAN        7698 22-FEB-81       1250        500         30               
      7566 JONES      MANAGER         7839 02-APR-81       2975                    20               
      7654 MARTIN     SALESMAN        7698 28-SEP-81       1250       1400         30               
      7698 BLAKE      MANAGER         7839 01-MAY-81       2850                    30               
      7782 CLARK      MANAGER         7839 09-JUN-81       2450                    10               
      7788 SCOTT      ANALYST         7566 19-APR-87       3000                    20               
      7839 KING       PRESIDENT            17-NOV-81       5000                    10               
      7844 TURNER     SALESMAN        7698 08-SEP-81       1500          0         30               
      7876 ADAMS      CLERK           7788 23-MAY-87       1100                    20               
      7900 JAMES      CLERK           7698 03-DEC-81        950                    30               
      7902 FORD       ANALYST         7566 03-DEC-81       3000                    20               
      7934 MILLER     CLERK           7782 23-JAN-82       1300                    10               

14 rows selected.

SQL> SELECT * FROM EMP JOIN DEPT;
SELECT * FROM EMP JOIN DEPT
                          *
ERROR at line 1:
ORA-00905: missing keyword 


SQL> ED
Wrote file afiedt.buf

  1* SELECT * FROM EMP INNER JOIN DEPT
SQL> /
SELECT * FROM EMP INNER JOIN DEPT
                                *
ERROR at line 1:
ORA-00905: missing keyword 


SQL> ED
Wrote file afiedt.buf

  1* SELECT * FROM EMP CROSS JOIN DEPT
SQL> /

     EMPNO ENAME      JOB              MGR HIREDATE         SAL       COMM     DEPTNO     DEPTNO    
---------- ---------- --------- ---------- --------- ---------- ---------- ---------- ----------    
DNAME          LOC                                                                                  
-------------- -------------                                                                        
      7369 SMITH      CLERK           7902 17-DEC-80        800                    20         10    
ACCOUNTING     NEW YORK                                                                             
                                                                                                    
      7499 ALLEN      SALESMAN        7698 20-FEB-81       1600        300         30         10    
ACCOUNTING     NEW YORK                                                                             
                                                                                                    
      7521 WARD       SALESMAN        7698 22-FEB-81       1250        500         30         10    
ACCOUNTING     NEW YORK                                                                             
                                                                                                    
      7566 JONES      MANAGER         7839 02-APR-81       2975                    20         10    
ACCOUNTING     NEW YORK                                                                             
                                                                                                    
      7654 MARTIN     SALESMAN        7698 28-SEP-81       1250       1400         30         10    
ACCOUNTING     NEW YORK                                                                             
                                                                                                    
      7698 BLAKE      MANAGER         7839 01-MAY-81       2850                    30         10    
ACCOUNTING     NEW YORK                                                                             
                                                                                                    
      7782 CLARK      MANAGER         7839 09-JUN-81       2450                    10         10    
ACCOUNTING     NEW YORK                                                                             
                                                                                                    
      7788 SCOTT      ANALYST         7566 19-APR-87       3000                    20         10    
ACCOUNTING     NEW YORK                                                                             
                                                                                                    
      7839 KING       PRESIDENT            17-NOV-81       5000                    10         10    
ACCOUNTING     NEW YORK                                                                             
                                                                                                    
      7844 TURNER     SALESMAN        7698 08-SEP-81       1500          0         30         10    
ACCOUNTING     NEW YORK                                                                             
                                                                                                    
      7876 ADAMS      CLERK           7788 23-MAY-87       1100                    20         10    
ACCOUNTING     NEW YORK                                                                             
                                                                                                    
      7900 JAMES      CLERK           7698 03-DEC-81        950                    30         10    
ACCOUNTING     NEW YORK                                                                             
                                                                                                    
      7902 FORD       ANALYST         7566 03-DEC-81       3000                    20         10    
ACCOUNTING     NEW YORK                                                                             
                                                                                                    
      7934 MILLER     CLERK           7782 23-JAN-82       1300                    10         10    
ACCOUNTING     NEW YORK                                                                             
                                                                                                    
      7369 SMITH      CLERK           7902 17-DEC-80        800                    20         20    
RESEARCH       DALLAS                                                                               
                                                                                                    
      7499 ALLEN      SALESMAN        7698 20-FEB-81       1600        300         30         20    
RESEARCH       DALLAS                                                                               
                                                                                                    
      7521 WARD       SALESMAN        7698 22-FEB-81       1250        500         30         20    
RESEARCH       DALLAS                                                                               
                                                                                                    
      7566 JONES      MANAGER         7839 02-APR-81       2975                    20         20    
RESEARCH       DALLAS                                                                               
                                                                                                    
      7654 MARTIN     SALESMAN        7698 28-SEP-81       1250       1400         30         20    
RESEARCH       DALLAS                                                                               
                                                                                                    
      7698 BLAKE      MANAGER         7839 01-MAY-81       2850                    30         20    
RESEARCH       DALLAS                                                                               
                                                                                                    
      7782 CLARK      MANAGER         7839 09-JUN-81       2450                    10         20    
RESEARCH       DALLAS                                                                               
                                                                                                    
      7788 SCOTT      ANALYST         7566 19-APR-87       3000                    20         20    
RESEARCH       DALLAS                                                                               
                                                                                                    
      7839 KING       PRESIDENT            17-NOV-81       5000                    10         20    
RESEARCH       DALLAS                                                                               
                                                                                                    
      7844 TURNER     SALESMAN        7698 08-SEP-81       1500          0         30         20    
RESEARCH       DALLAS                                                                               
                                                                                                    
      7876 ADAMS      CLERK           7788 23-MAY-87       1100                    20         20    
RESEARCH       DALLAS                                                                               
                                                                                                    
      7900 JAMES      CLERK           7698 03-DEC-81        950                    30         20    
RESEARCH       DALLAS                                                                               
                                                                                                    
      7902 FORD       ANALYST         7566 03-DEC-81       3000                    20         20    
RESEARCH       DALLAS                                                                               
                                                                                                    
      7934 MILLER     CLERK           7782 23-JAN-82       1300                    10         20    
RESEARCH       DALLAS                                                                               
                                                                                                    
      7369 SMITH      CLERK           7902 17-DEC-80        800                    20         30    
SALES          CHICAGO                                                                              
                                                                                                    
      7499 ALLEN      SALESMAN        7698 20-FEB-81       1600        300         30         30    
SALES          CHICAGO                                                                              
                                                                                                    
      7521 WARD       SALESMAN        7698 22-FEB-81       1250        500         30         30    
SALES          CHICAGO                                                                              
                                                                                                    
      7566 JONES      MANAGER         7839 02-APR-81       2975                    20         30    
SALES          CHICAGO                                                                              

     EMPNO ENAME      JOB              MGR HIREDATE         SAL       COMM     DEPTNO     DEPTNO    
---------- ---------- --------- ---------- --------- ---------- ---------- ---------- ----------    
DNAME          LOC                                                                                  
-------------- -------------                                                                        
                                                                                                    
      7654 MARTIN     SALESMAN        7698 28-SEP-81       1250       1400         30         30    
SALES          CHICAGO                                                                              
                                                                                                    
      7698 BLAKE      MANAGER         7839 01-MAY-81       2850                    30         30    
SALES          CHICAGO                                                                              
                                                                                                    
      7782 CLARK      MANAGER         7839 09-JUN-81       2450                    10         30    
SALES          CHICAGO                                                                              
                                                                                                    
      7788 SCOTT      ANALYST         7566 19-APR-87       3000                    20         30    
SALES          CHICAGO                                                                              
                                                                                                    
      7839 KING       PRESIDENT            17-NOV-81       5000                    10         30    
SALES          CHICAGO                                                                              
                                                                                                    
      7844 TURNER     SALESMAN        7698 08-SEP-81       1500          0         30         30    
SALES          CHICAGO                                                                              
                                                                                                    
      7876 ADAMS      CLERK           7788 23-MAY-87       1100                    20         30    
SALES          CHICAGO                                                                              
                                                                                                    
      7900 JAMES      CLERK           7698 03-DEC-81        950                    30         30    
SALES          CHICAGO                                                                              
                                                                                                    
      7902 FORD       ANALYST         7566 03-DEC-81       3000                    20         30    
SALES          CHICAGO                                                                              
                                                                                                    
      7934 MILLER     CLERK           7782 23-JAN-82       1300                    10         30    
SALES          CHICAGO                                                                              
                                                                                                    
      7369 SMITH      CLERK           7902 17-DEC-80        800                    20         40    
OPERATIONS     BOSTON                                                                               
                                                                                                    
      7499 ALLEN      SALESMAN        7698 20-FEB-81       1600        300         30         40    
OPERATIONS     BOSTON                                                                               
                                                                                                    
      7521 WARD       SALESMAN        7698 22-FEB-81       1250        500         30         40    
OPERATIONS     BOSTON                                                                               
                                                                                                    
      7566 JONES      MANAGER         7839 02-APR-81       2975                    20         40    
OPERATIONS     BOSTON                                                                               
                                                                                                    
      7654 MARTIN     SALESMAN        7698 28-SEP-81       1250       1400         30         40    
OPERATIONS     BOSTON                                                                               
                                                                                                    
      7698 BLAKE      MANAGER         7839 01-MAY-81       2850                    30         40    
OPERATIONS     BOSTON                                                                               
                                                                                                    
      7782 CLARK      MANAGER         7839 09-JUN-81       2450                    10         40    
OPERATIONS     BOSTON                                                                               
                                                                                                    
      7788 SCOTT      ANALYST         7566 19-APR-87       3000                    20         40    
OPERATIONS     BOSTON                                                                               
                                                                                                    
      7839 KING       PRESIDENT            17-NOV-81       5000                    10         40    
OPERATIONS     BOSTON                                                                               
                                                                                                    
      7844 TURNER     SALESMAN        7698 08-SEP-81       1500          0         30         40    
OPERATIONS     BOSTON                                                                               
                                                                                                    
      7876 ADAMS      CLERK           7788 23-MAY-87       1100                    20         40    
OPERATIONS     BOSTON                                                                               
                                                                                                    
      7900 JAMES      CLERK           7698 03-DEC-81        950                    30         40    
OPERATIONS     BOSTON                                                                               
                                                                                                    
      7902 FORD       ANALYST         7566 03-DEC-81       3000                    20         40    
OPERATIONS     BOSTON                                                                               
                                                                                                    
      7934 MILLER     CLERK           7782 23-JAN-82       1300                    10         40    
OPERATIONS     BOSTON                                                                               
                                                                                                    

56 rows selected.

SQL> SET LINES 150 PAGES 150
SQL> ED
Wrote file afiedt.buf

  1* SELECT * FROM EMP CROSS JOIN DEPT
SQL> /

     EMPNO ENAME      JOB              MGR HIREDATE         SAL       COMM     DEPTNO     DEPTNO DNAME          LOC                                   
---------- ---------- --------- ---------- --------- ---------- ---------- ---------- ---------- -------------- -------------                         
      7369 SMITH      CLERK           7902 17-DEC-80        800                    20         10 ACCOUNTING     NEW YORK                              
      7499 ALLEN      SALESMAN        7698 20-FEB-81       1600        300         30         10 ACCOUNTING     NEW YORK                              
      7521 WARD       SALESMAN        7698 22-FEB-81       1250        500         30         10 ACCOUNTING     NEW YORK                              
      7566 JONES      MANAGER         7839 02-APR-81       2975                    20         10 ACCOUNTING     NEW YORK                              
      7654 MARTIN     SALESMAN        7698 28-SEP-81       1250       1400         30         10 ACCOUNTING     NEW YORK                              
      7698 BLAKE      MANAGER         7839 01-MAY-81       2850                    30         10 ACCOUNTING     NEW YORK                              
      7782 CLARK      MANAGER         7839 09-JUN-81       2450                    10         10 ACCOUNTING     NEW YORK                              
      7788 SCOTT      ANALYST         7566 19-APR-87       3000                    20         10 ACCOUNTING     NEW YORK                              
      7839 KING       PRESIDENT            17-NOV-81       5000                    10         10 ACCOUNTING     NEW YORK                              
      7844 TURNER     SALESMAN        7698 08-SEP-81       1500          0         30         10 ACCOUNTING     NEW YORK                              
      7876 ADAMS      CLERK           7788 23-MAY-87       1100                    20         10 ACCOUNTING     NEW YORK                              
      7900 JAMES      CLERK           7698 03-DEC-81        950                    30         10 ACCOUNTING     NEW YORK                              
      7902 FORD       ANALYST         7566 03-DEC-81       3000                    20         10 ACCOUNTING     NEW YORK                              
      7934 MILLER     CLERK           7782 23-JAN-82       1300                    10         10 ACCOUNTING     NEW YORK                              
      7369 SMITH      CLERK           7902 17-DEC-80        800                    20         20 RESEARCH       DALLAS                                
      7499 ALLEN      SALESMAN        7698 20-FEB-81       1600        300         30         20 RESEARCH       DALLAS                                
      7521 WARD       SALESMAN        7698 22-FEB-81       1250        500         30         20 RESEARCH       DALLAS                                
      7566 JONES      MANAGER         7839 02-APR-81       2975                    20         20 RESEARCH       DALLAS                                
      7654 MARTIN     SALESMAN        7698 28-SEP-81       1250       1400         30         20 RESEARCH       DALLAS                                
      7698 BLAKE      MANAGER         7839 01-MAY-81       2850                    30         20 RESEARCH       DALLAS                                
      7782 CLARK      MANAGER         7839 09-JUN-81       2450                    10         20 RESEARCH       DALLAS                                
      7788 SCOTT      ANALYST         7566 19-APR-87       3000                    20         20 RESEARCH       DALLAS                                
      7839 KING       PRESIDENT            17-NOV-81       5000                    10         20 RESEARCH       DALLAS                                
      7844 TURNER     SALESMAN        7698 08-SEP-81       1500          0         30         20 RESEARCH       DALLAS                                
      7876 ADAMS      CLERK           7788 23-MAY-87       1100                    20         20 RESEARCH       DALLAS                                
      7900 JAMES      CLERK           7698 03-DEC-81        950                    30         20 RESEARCH       DALLAS                                
      7902 FORD       ANALYST         7566 03-DEC-81       3000                    20         20 RESEARCH       DALLAS                                
      7934 MILLER     CLERK           7782 23-JAN-82       1300                    10         20 RESEARCH       DALLAS                                
      7369 SMITH      CLERK           7902 17-DEC-80        800                    20         30 SALES          CHICAGO                               
      7499 ALLEN      SALESMAN        7698 20-FEB-81       1600        300         30         30 SALES          CHICAGO                               
      7521 WARD       SALESMAN        7698 22-FEB-81       1250        500         30         30 SALES          CHICAGO                               
      7566 JONES      MANAGER         7839 02-APR-81       2975                    20         30 SALES          CHICAGO                               
      7654 MARTIN     SALESMAN        7698 28-SEP-81       1250       1400         30         30 SALES          CHICAGO                               
      7698 BLAKE      MANAGER         7839 01-MAY-81       2850                    30         30 SALES          CHICAGO                               
      7782 CLARK      MANAGER         7839 09-JUN-81       2450                    10         30 SALES          CHICAGO                               
      7788 SCOTT      ANALYST         7566 19-APR-87       3000                    20         30 SALES          CHICAGO                               
      7839 KING       PRESIDENT            17-NOV-81       5000                    10         30 SALES          CHICAGO                               
      7844 TURNER     SALESMAN        7698 08-SEP-81       1500          0         30         30 SALES          CHICAGO                               
      7876 ADAMS      CLERK           7788 23-MAY-87       1100                    20         30 SALES          CHICAGO                               
      7900 JAMES      CLERK           7698 03-DEC-81        950                    30         30 SALES          CHICAGO                               
      7902 FORD       ANALYST         7566 03-DEC-81       3000                    20         30 SALES          CHICAGO                               
      7934 MILLER     CLERK           7782 23-JAN-82       1300                    10         30 SALES          CHICAGO                               
      7369 SMITH      CLERK           7902 17-DEC-80        800                    20         40 OPERATIONS     BOSTON                                
      7499 ALLEN      SALESMAN        7698 20-FEB-81       1600        300         30         40 OPERATIONS     BOSTON                                
      7521 WARD       SALESMAN        7698 22-FEB-81       1250        500         30         40 OPERATIONS     BOSTON                                
      7566 JONES      MANAGER         7839 02-APR-81       2975                    20         40 OPERATIONS     BOSTON                                
      7654 MARTIN     SALESMAN        7698 28-SEP-81       1250       1400         30         40 OPERATIONS     BOSTON                                
      7698 BLAKE      MANAGER         7839 01-MAY-81       2850                    30         40 OPERATIONS     BOSTON                                
      7782 CLARK      MANAGER         7839 09-JUN-81       2450                    10         40 OPERATIONS     BOSTON                                
      7788 SCOTT      ANALYST         7566 19-APR-87       3000                    20         40 OPERATIONS     BOSTON                                
      7839 KING       PRESIDENT            17-NOV-81       5000                    10         40 OPERATIONS     BOSTON                                
      7844 TURNER     SALESMAN        7698 08-SEP-81       1500          0         30         40 OPERATIONS     BOSTON                                
      7876 ADAMS      CLERK           7788 23-MAY-87       1100                    20         40 OPERATIONS     BOSTON                                
      7900 JAMES      CLERK           7698 03-DEC-81        950                    30         40 OPERATIONS     BOSTON                                
      7902 FORD       ANALYST         7566 03-DEC-81       3000                    20         40 OPERATIONS     BOSTON                                
      7934 MILLER     CLERK           7782 23-JAN-82       1300                    10         40 OPERATIONS     BOSTON                                

56 rows selected.

SQL> SELECT * FROM EMP,DEPT;

     EMPNO ENAME      JOB              MGR HIREDATE         SAL       COMM     DEPTNO     DEPTNO DNAME          LOC                                   
---------- ---------- --------- ---------- --------- ---------- ---------- ---------- ---------- -------------- -------------                         
      7369 SMITH      CLERK           7902 17-DEC-80        800                    20         10 ACCOUNTING     NEW YORK                              
      7499 ALLEN      SALESMAN        7698 20-FEB-81       1600        300         30         10 ACCOUNTING     NEW YORK                              
      7521 WARD       SALESMAN        7698 22-FEB-81       1250        500         30         10 ACCOUNTING     NEW YORK                              
      7566 JONES      MANAGER         7839 02-APR-81       2975                    20         10 ACCOUNTING     NEW YORK                              
      7654 MARTIN     SALESMAN        7698 28-SEP-81       1250       1400         30         10 ACCOUNTING     NEW YORK                              
      7698 BLAKE      MANAGER         7839 01-MAY-81       2850                    30         10 ACCOUNTING     NEW YORK                              
      7782 CLARK      MANAGER         7839 09-JUN-81       2450                    10         10 ACCOUNTING     NEW YORK                              
      7788 SCOTT      ANALYST         7566 19-APR-87       3000                    20         10 ACCOUNTING     NEW YORK                              
      7839 KING       PRESIDENT            17-NOV-81       5000                    10         10 ACCOUNTING     NEW YORK                              
      7844 TURNER     SALESMAN        7698 08-SEP-81       1500          0         30         10 ACCOUNTING     NEW YORK                              
      7876 ADAMS      CLERK           7788 23-MAY-87       1100                    20         10 ACCOUNTING     NEW YORK                              
      7900 JAMES      CLERK           7698 03-DEC-81        950                    30         10 ACCOUNTING     NEW YORK                              
      7902 FORD       ANALYST         7566 03-DEC-81       3000                    20         10 ACCOUNTING     NEW YORK                              
      7934 MILLER     CLERK           7782 23-JAN-82       1300                    10         10 ACCOUNTING     NEW YORK                              
      7369 SMITH      CLERK           7902 17-DEC-80        800                    20         20 RESEARCH       DALLAS                                
      7499 ALLEN      SALESMAN        7698 20-FEB-81       1600        300         30         20 RESEARCH       DALLAS                                
      7521 WARD       SALESMAN        7698 22-FEB-81       1250        500         30         20 RESEARCH       DALLAS                                
      7566 JONES      MANAGER         7839 02-APR-81       2975                    20         20 RESEARCH       DALLAS                                
      7654 MARTIN     SALESMAN        7698 28-SEP-81       1250       1400         30         20 RESEARCH       DALLAS                                
      7698 BLAKE      MANAGER         7839 01-MAY-81       2850                    30         20 RESEARCH       DALLAS                                
      7782 CLARK      MANAGER         7839 09-JUN-81       2450                    10         20 RESEARCH       DALLAS                                
      7788 SCOTT      ANALYST         7566 19-APR-87       3000                    20         20 RESEARCH       DALLAS                                
      7839 KING       PRESIDENT            17-NOV-81       5000                    10         20 RESEARCH       DALLAS                                
      7844 TURNER     SALESMAN        7698 08-SEP-81       1500          0         30         20 RESEARCH       DALLAS                                
      7876 ADAMS      CLERK           7788 23-MAY-87       1100                    20         20 RESEARCH       DALLAS                                
      7900 JAMES      CLERK           7698 03-DEC-81        950                    30         20 RESEARCH       DALLAS                                
      7902 FORD       ANALYST         7566 03-DEC-81       3000                    20         20 RESEARCH       DALLAS                                
      7934 MILLER     CLERK           7782 23-JAN-82       1300                    10         20 RESEARCH       DALLAS                                
      7369 SMITH      CLERK           7902 17-DEC-80        800                    20         30 SALES          CHICAGO                               
      7499 ALLEN      SALESMAN        7698 20-FEB-81       1600        300         30         30 SALES          CHICAGO                               
      7521 WARD       SALESMAN        7698 22-FEB-81       1250        500         30         30 SALES          CHICAGO                               
      7566 JONES      MANAGER         7839 02-APR-81       2975                    20         30 SALES          CHICAGO                               
      7654 MARTIN     SALESMAN        7698 28-SEP-81       1250       1400         30         30 SALES          CHICAGO                               
      7698 BLAKE      MANAGER         7839 01-MAY-81       2850                    30         30 SALES          CHICAGO                               
      7782 CLARK      MANAGER         7839 09-JUN-81       2450                    10         30 SALES          CHICAGO                               
      7788 SCOTT      ANALYST         7566 19-APR-87       3000                    20         30 SALES          CHICAGO                               
      7839 KING       PRESIDENT            17-NOV-81       5000                    10         30 SALES          CHICAGO                               
      7844 TURNER     SALESMAN        7698 08-SEP-81       1500          0         30         30 SALES          CHICAGO                               
      7876 ADAMS      CLERK           7788 23-MAY-87       1100                    20         30 SALES          CHICAGO                               
      7900 JAMES      CLERK           7698 03-DEC-81        950                    30         30 SALES          CHICAGO                               
      7902 FORD       ANALYST         7566 03-DEC-81       3000                    20         30 SALES          CHICAGO                               
      7934 MILLER     CLERK           7782 23-JAN-82       1300                    10         30 SALES          CHICAGO                               
      7369 SMITH      CLERK           7902 17-DEC-80        800                    20         40 OPERATIONS     BOSTON                                
      7499 ALLEN      SALESMAN        7698 20-FEB-81       1600        300         30         40 OPERATIONS     BOSTON                                
      7521 WARD       SALESMAN        7698 22-FEB-81       1250        500         30         40 OPERATIONS     BOSTON                                
      7566 JONES      MANAGER         7839 02-APR-81       2975                    20         40 OPERATIONS     BOSTON                                
      7654 MARTIN     SALESMAN        7698 28-SEP-81       1250       1400         30         40 OPERATIONS     BOSTON                                
      7698 BLAKE      MANAGER         7839 01-MAY-81       2850                    30         40 OPERATIONS     BOSTON                                
      7782 CLARK      MANAGER         7839 09-JUN-81       2450                    10         40 OPERATIONS     BOSTON                                
      7788 SCOTT      ANALYST         7566 19-APR-87       3000                    20         40 OPERATIONS     BOSTON                                
      7839 KING       PRESIDENT            17-NOV-81       5000                    10         40 OPERATIONS     BOSTON                                
      7844 TURNER     SALESMAN        7698 08-SEP-81       1500          0         30         40 OPERATIONS     BOSTON                                
      7876 ADAMS      CLERK           7788 23-MAY-87       1100                    20         40 OPERATIONS     BOSTON                                
      7900 JAMES      CLERK           7698 03-DEC-81        950                    30         40 OPERATIONS     BOSTON                                
      7902 FORD       ANALYST         7566 03-DEC-81       3000                    20         40 OPERATIONS     BOSTON                                
      7934 MILLER     CLERK           7782 23-JAN-82       1300                    10         40 OPERATIONS     BOSTON                                

56 rows selected.

SQL> SELECT * FROM EMP INNER JOIN DEPT WHERE EMP.DEPTNO=DEPT.DEPTNO;
SELECT * FROM EMP INNER JOIN DEPT WHERE EMP.DEPTNO=DEPT.DEPTNO
                                  *
ERROR at line 1:
ORA-00905: missing keyword 


SQL> ED
Wrote file afiedt.buf

  1* SELECT * FROM EMP INNER JOIN DEPT ON EMP.DEPTNO=DEPT.DEPTNO
SQL> /

     EMPNO ENAME      JOB              MGR HIREDATE         SAL       COMM     DEPTNO     DEPTNO DNAME          LOC                                   
---------- ---------- --------- ---------- --------- ---------- ---------- ---------- ---------- -------------- -------------                         
      7369 SMITH      CLERK           7902 17-DEC-80        800                    20         20 RESEARCH       DALLAS                                
      7499 ALLEN      SALESMAN        7698 20-FEB-81       1600        300         30         30 SALES          CHICAGO                               
      7521 WARD       SALESMAN        7698 22-FEB-81       1250        500         30         30 SALES          CHICAGO                               
      7566 JONES      MANAGER         7839 02-APR-81       2975                    20         20 RESEARCH       DALLAS                                
      7654 MARTIN     SALESMAN        7698 28-SEP-81       1250       1400         30         30 SALES          CHICAGO                               
      7698 BLAKE      MANAGER         7839 01-MAY-81       2850                    30         30 SALES          CHICAGO                               
      7782 CLARK      MANAGER         7839 09-JUN-81       2450                    10         10 ACCOUNTING     NEW YORK                              
      7788 SCOTT      ANALYST         7566 19-APR-87       3000                    20         20 RESEARCH       DALLAS                                
      7839 KING       PRESIDENT            17-NOV-81       5000                    10         10 ACCOUNTING     NEW YORK                              
      7844 TURNER     SALESMAN        7698 08-SEP-81       1500          0         30         30 SALES          CHICAGO                               
      7876 ADAMS      CLERK           7788 23-MAY-87       1100                    20         20 RESEARCH       DALLAS                                
      7900 JAMES      CLERK           7698 03-DEC-81        950                    30         30 SALES          CHICAGO                               
      7902 FORD       ANALYST         7566 03-DEC-81       3000                    20         20 RESEARCH       DALLAS                                
      7934 MILLER     CLERK           7782 23-JAN-82       1300                    10         10 ACCOUNTING     NEW YORK                              

14 rows selected.

SQL> ED
Wrote file afiedt.buf

  1* SELECT * FROM EMP E INNER JOIN DEPT D ON E.DEPTNO=D.DEPTNO
SQL> /

     EMPNO ENAME      JOB              MGR HIREDATE         SAL       COMM     DEPTNO     DEPTNO DNAME          LOC                                   
---------- ---------- --------- ---------- --------- ---------- ---------- ---------- ---------- -------------- -------------                         
      7369 SMITH      CLERK           7902 17-DEC-80        800                    20         20 RESEARCH       DALLAS                                
      7499 ALLEN      SALESMAN        7698 20-FEB-81       1600        300         30         30 SALES          CHICAGO                               
      7521 WARD       SALESMAN        7698 22-FEB-81       1250        500         30         30 SALES          CHICAGO                               
      7566 JONES      MANAGER         7839 02-APR-81       2975                    20         20 RESEARCH       DALLAS                                
      7654 MARTIN     SALESMAN        7698 28-SEP-81       1250       1400         30         30 SALES          CHICAGO                               
      7698 BLAKE      MANAGER         7839 01-MAY-81       2850                    30         30 SALES          CHICAGO                               
      7782 CLARK      MANAGER         7839 09-JUN-81       2450                    10         10 ACCOUNTING     NEW YORK                              
      7788 SCOTT      ANALYST         7566 19-APR-87       3000                    20         20 RESEARCH       DALLAS                                
      7839 KING       PRESIDENT            17-NOV-81       5000                    10         10 ACCOUNTING     NEW YORK                              
      7844 TURNER     SALESMAN        7698 08-SEP-81       1500          0         30         30 SALES          CHICAGO                               
      7876 ADAMS      CLERK           7788 23-MAY-87       1100                    20         20 RESEARCH       DALLAS                                
      7900 JAMES      CLERK           7698 03-DEC-81        950                    30         30 SALES          CHICAGO                               
      7902 FORD       ANALYST         7566 03-DEC-81       3000                    20         20 RESEARCH       DALLAS                                
      7934 MILLER     CLERK           7782 23-JAN-82       1300                    10         10 ACCOUNTING     NEW YORK                              

14 rows selected.

SQL> ED
Wrote file afiedt.buf

  1* SELECT DEPTNO FROM EMP E INNER JOIN DEPT D ON E.DEPTNO=D.DEPTNO
SQL> /
SELECT DEPTNO FROM EMP E INNER JOIN DEPT D ON E.DEPTNO=D.DEPTNO
       *
ERROR at line 1:
ORA-00918: column ambiguously defined 


SQL> ED
Wrote file afiedt.buf

  1* SELECT DEPT.DEPTNO FROM EMP E INNER JOIN DEPT D ON E.DEPTNO=D.DEPTNO 
SQL> /
SELECT DEPT.DEPTNO FROM EMP E INNER JOIN DEPT D ON E.DEPTNO=D.DEPTNO 
       *
ERROR at line 1:
ORA-00904: "DEPT"."DEPTNO": invalid identifier 


SQL> ED
Wrote file afiedt.buf

  1* SELECT EMP.DEPTNO FROM EMP E INNER JOIN DEPT D ON E.DEPTNO=D.DEPTNO 
SQL> /
SELECT EMP.DEPTNO FROM EMP E INNER JOIN DEPT D ON E.DEPTNO=D.DEPTNO 
       *
ERROR at line 1:
ORA-00904: "EMP"."DEPTNO": invalid identifier 


SQL> ED
Wrote file afiedt.buf

  1* SELECT E.DEPTNO FROM EMP E INNER JOIN DEPT D ON E.DEPTNO=D.DEPTNO 
SQL> /

    DEPTNO                                                                                                                                            
----------                                                                                                                                            
        20                                                                                                                                            
        30                                                                                                                                            
        30                                                                                                                                            
        20                                                                                                                                            
        30                                                                                                                                            
        30                                                                                                                                            
        10                                                                                                                                            
        20                                                                                                                                            
        10                                                                                                                                            
        30                                                                                                                                            
        20                                                                                                                                            
        30                                                                                                                                            
        20                                                                                                                                            
        10                                                                                                                                            

14 rows selected.

SQL> ED
Wrote file afiedt.buf

  1* SELECT E.DEPTNO FROM EMP E INNER JOIN DEPT D ON EMP.DEPTNO=D.DEPTNO 
SQL> /
SELECT E.DEPTNO FROM EMP E INNER JOIN DEPT D ON EMP.DEPTNO=D.DEPTNO 
                                                *
ERROR at line 1:
ORA-00904: "EMP"."DEPTNO": invalid identifier 


SQL> ED
Wrote file afiedt.buf

  1* SELECT E.DEPTNO FROM EMP E INNER JOIN DEPT D ON EMP.DEPTNO=D.DEPTNO 
SQL> ED
Wrote file afiedt.buf

  1* SELECT E.DEPTNO FROM EMP E LEFT JOIN DEPT D ON EMP.DEPTNO=D.DEPTNO 
SQL> /
SELECT E.DEPTNO FROM EMP E LEFT JOIN DEPT D ON EMP.DEPTNO=D.DEPTNO 
                                               *
ERROR at line 1:
ORA-00904: "EMP"."DEPTNO": invalid identifier 


SQL> ED
Wrote file afiedt.buf

  1* SELECT E.DEPTNO FROM EMP E LEFT JOIN DEPT D ON E.DEPTNO=D.DEPTNO 
SQL> /

    DEPTNO                                                                                                                                            
----------                                                                                                                                            
        20                                                                                                                                            
        30                                                                                                                                            
        30                                                                                                                                            
        20                                                                                                                                            
        30                                                                                                                                            
        30                                                                                                                                            
        10                                                                                                                                            
        20                                                                                                                                            
        10                                                                                                                                            
        30                                                                                                                                            
        20                                                                                                                                            
        30                                                                                                                                            
        20                                                                                                                                            
        10                                                                                                                                            

14 rows selected.

SQL> ED
Wrote file afiedt.buf

  1* SELECT E.DEPTNO FROM EMP E RIGHT JOIN DEPT D ON E.DEPTNO=D.DEPTNO 
SQL> /

    DEPTNO                                                                                                                                            
----------                                                                                                                                            
        20                                                                                                                                            
        30                                                                                                                                            
        30                                                                                                                                            
        20                                                                                                                                            
        30                                                                                                                                            
        30                                                                                                                                            
        10                                                                                                                                            
        20                                                                                                                                            
        10                                                                                                                                            
        30                                                                                                                                            
        20                                                                                                                                            
        30                                                                                                                                            
        20                                                                                                                                            
        10                                                                                                                                            
                                                                                                                                                      

15 rows selected.

SQL> ED
Wrote file afiedt.buf

  1* SELECT * FROM EMP E LEFT JOIN DEPT D ON E.DEPTNO=D.DEPTNO 
SQL> /

     EMPNO ENAME      JOB              MGR HIREDATE         SAL       COMM     DEPTNO     DEPTNO DNAME          LOC                                   
---------- ---------- --------- ---------- --------- ---------- ---------- ---------- ---------- -------------- -------------                         
      7369 SMITH      CLERK           7902 17-DEC-80        800                    20         20 RESEARCH       DALLAS                                
      7499 ALLEN      SALESMAN        7698 20-FEB-81       1600        300         30         30 SALES          CHICAGO                               
      7521 WARD       SALESMAN        7698 22-FEB-81       1250        500         30         30 SALES          CHICAGO                               
      7566 JONES      MANAGER         7839 02-APR-81       2975                    20         20 RESEARCH       DALLAS                                
      7654 MARTIN     SALESMAN        7698 28-SEP-81       1250       1400         30         30 SALES          CHICAGO                               
      7698 BLAKE      MANAGER         7839 01-MAY-81       2850                    30         30 SALES          CHICAGO                               
      7782 CLARK      MANAGER         7839 09-JUN-81       2450                    10         10 ACCOUNTING     NEW YORK                              
      7788 SCOTT      ANALYST         7566 19-APR-87       3000                    20         20 RESEARCH       DALLAS                                
      7839 KING       PRESIDENT            17-NOV-81       5000                    10         10 ACCOUNTING     NEW YORK                              
      7844 TURNER     SALESMAN        7698 08-SEP-81       1500          0         30         30 SALES          CHICAGO                               
      7876 ADAMS      CLERK           7788 23-MAY-87       1100                    20         20 RESEARCH       DALLAS                                
      7900 JAMES      CLERK           7698 03-DEC-81        950                    30         30 SALES          CHICAGO                               
      7902 FORD       ANALYST         7566 03-DEC-81       3000                    20         20 RESEARCH       DALLAS                                
      7934 MILLER     CLERK           7782 23-JAN-82       1300                    10         10 ACCOUNTING     NEW YORK                              

14 rows selected.

SQL> ED
Wrote file afiedt.buf

  1* SELECT * FROM DEPT E LEFT JOIN EMP D ON E.DEPTNO=D.DEPTNO 
SQL> /

    DEPTNO DNAME          LOC                EMPNO ENAME      JOB              MGR HIREDATE         SAL       COMM     DEPTNO                         
---------- -------------- ------------- ---------- ---------- --------- ---------- --------- ---------- ---------- ----------                         
        10 ACCOUNTING     NEW YORK            7782 CLARK      MANAGER         7839 09-JUN-81       2450                    10                         
        10 ACCOUNTING     NEW YORK            7839 KING       PRESIDENT            17-NOV-81       5000                    10                         
        10 ACCOUNTING     NEW YORK            7934 MILLER     CLERK           7782 23-JAN-82       1300                    10                         
        20 RESEARCH       DALLAS              7566 JONES      MANAGER         7839 02-APR-81       2975                    20                         
        20 RESEARCH       DALLAS              7902 FORD       ANALYST         7566 03-DEC-81       3000                    20                         
        20 RESEARCH       DALLAS              7876 ADAMS      CLERK           7788 23-MAY-87       1100                    20                         
        20 RESEARCH       DALLAS              7369 SMITH      CLERK           7902 17-DEC-80        800                    20                         
        20 RESEARCH       DALLAS              7788 SCOTT      ANALYST         7566 19-APR-87       3000                    20                         
        30 SALES          CHICAGO             7521 WARD       SALESMAN        7698 22-FEB-81       1250        500         30                         
        30 SALES          CHICAGO             7844 TURNER     SALESMAN        7698 08-SEP-81       1500          0         30                         
        30 SALES          CHICAGO             7499 ALLEN      SALESMAN        7698 20-FEB-81       1600        300         30                         
        30 SALES          CHICAGO             7900 JAMES      CLERK           7698 03-DEC-81        950                    30                         
        30 SALES          CHICAGO             7698 BLAKE      MANAGER         7839 01-MAY-81       2850                    30                         
        30 SALES          CHICAGO             7654 MARTIN     SALESMAN        7698 28-SEP-81       1250       1400         30                         
        40 OPERATIONS     BOSTON                                                                                                                      

15 rows selected.

SQL> ED
Wrote file afiedt.buf

  1* SELECT * FROM DEPT E LEFT JOIN EMP D ON E.DEPTNO=D.DEPTNO  WHERE EMPNO IS NULL
SQL> /

    DEPTNO DNAME          LOC                EMPNO ENAME      JOB              MGR HIREDATE         SAL       COMM     DEPTNO                         
---------- -------------- ------------- ---------- ---------- --------- ---------- --------- ---------- ---------- ----------                         
        40 OPERATIONS     BOSTON                                                                                                                      

SQL> ED
Wrote file afiedt.buf

  1* SELECT * FROM DEPT E RIGHT JOIN EMP D ON E.DEPTNO=D.DEPTNO 
SQL> /

    DEPTNO DNAME          LOC                EMPNO ENAME      JOB              MGR HIREDATE         SAL       COMM     DEPTNO                         
---------- -------------- ------------- ---------- ---------- --------- ---------- --------- ---------- ---------- ----------                         
        20 RESEARCH       DALLAS              7369 SMITH      CLERK           7902 17-DEC-80        800                    20                         
        30 SALES          CHICAGO             7499 ALLEN      SALESMAN        7698 20-FEB-81       1600        300         30                         
        30 SALES          CHICAGO             7521 WARD       SALESMAN        7698 22-FEB-81       1250        500         30                         
        20 RESEARCH       DALLAS              7566 JONES      MANAGER         7839 02-APR-81       2975                    20                         
        30 SALES          CHICAGO             7654 MARTIN     SALESMAN        7698 28-SEP-81       1250       1400         30                         
        30 SALES          CHICAGO             7698 BLAKE      MANAGER         7839 01-MAY-81       2850                    30                         
        10 ACCOUNTING     NEW YORK            7782 CLARK      MANAGER         7839 09-JUN-81       2450                    10                         
        20 RESEARCH       DALLAS              7788 SCOTT      ANALYST         7566 19-APR-87       3000                    20                         
        10 ACCOUNTING     NEW YORK            7839 KING       PRESIDENT            17-NOV-81       5000                    10                         
        30 SALES          CHICAGO             7844 TURNER     SALESMAN        7698 08-SEP-81       1500          0         30                         
        20 RESEARCH       DALLAS              7876 ADAMS      CLERK           7788 23-MAY-87       1100                    20                         
        30 SALES          CHICAGO             7900 JAMES      CLERK           7698 03-DEC-81        950                    30                         
        20 RESEARCH       DALLAS              7902 FORD       ANALYST         7566 03-DEC-81       3000                    20                         
        10 ACCOUNTING     NEW YORK            7934 MILLER     CLERK           7782 23-JAN-82       1300                    10                         

14 rows selected.

SQL> ED
Wrote file afiedt.buf

  1* SELECT * FROM DEPT E FULL JOIN EMP D ON E.DEPTNO=D.DEPTNO 
SQL> /

    DEPTNO DNAME          LOC                EMPNO ENAME      JOB              MGR HIREDATE         SAL       COMM     DEPTNO                         
---------- -------------- ------------- ---------- ---------- --------- ---------- --------- ---------- ---------- ----------                         
        10 ACCOUNTING     NEW YORK            7782 CLARK      MANAGER         7839 09-JUN-81       2450                    10                         
        10 ACCOUNTING     NEW YORK            7839 KING       PRESIDENT            17-NOV-81       5000                    10                         
        10 ACCOUNTING     NEW YORK            7934 MILLER     CLERK           7782 23-JAN-82       1300                    10                         
        20 RESEARCH       DALLAS              7566 JONES      MANAGER         7839 02-APR-81       2975                    20                         
        20 RESEARCH       DALLAS              7902 FORD       ANALYST         7566 03-DEC-81       3000                    20                         
        20 RESEARCH       DALLAS              7876 ADAMS      CLERK           7788 23-MAY-87       1100                    20                         
        20 RESEARCH       DALLAS              7369 SMITH      CLERK           7902 17-DEC-80        800                    20                         
        20 RESEARCH       DALLAS              7788 SCOTT      ANALYST         7566 19-APR-87       3000                    20                         
        30 SALES          CHICAGO             7521 WARD       SALESMAN        7698 22-FEB-81       1250        500         30                         
        30 SALES          CHICAGO             7844 TURNER     SALESMAN        7698 08-SEP-81       1500          0         30                         
        30 SALES          CHICAGO             7499 ALLEN      SALESMAN        7698 20-FEB-81       1600        300         30                         
        30 SALES          CHICAGO             7900 JAMES      CLERK           7698 03-DEC-81        950                    30                         
        30 SALES          CHICAGO             7698 BLAKE      MANAGER         7839 01-MAY-81       2850                    30                         
        30 SALES          CHICAGO             7654 MARTIN     SALESMAN        7698 28-SEP-81       1250       1400         30                         
        40 OPERATIONS     BOSTON                                                                                                                      

15 rows selected.

SQL> ED
Wrote file afiedt.buf

  1* SELECT * FROM DEPT E FULL JOIN EMP D ON E.DEPTNO=D.DEPTNO WHERE EMPNO IS NULL
SQL> /

    DEPTNO DNAME          LOC                EMPNO ENAME      JOB              MGR HIREDATE         SAL       COMM     DEPTNO                         
---------- -------------- ------------- ---------- ---------- --------- ---------- --------- ---------- ---------- ----------                         
        40 OPERATIONS     BOSTON                                                                                                                      

SQL> ED
Wrote file afiedt.buf

  1* SELECT * FROM DEPT E FULL JOIN EMP D ON D.DEPTNO=E.DEPTNO WHERE EMPNO IS NULL
SQL> /

    DEPTNO DNAME          LOC                EMPNO ENAME      JOB              MGR HIREDATE         SAL       COMM     DEPTNO                         
---------- -------------- ------------- ---------- ---------- --------- ---------- --------- ---------- ---------- ----------                         
        40 OPERATIONS     BOSTON                                                                                                                      

SQL> ED
Wrote file afiedt.buf

  1* SELECT * FROM EMP E FULL JOIN DEPT D ON D.DEPTNO=E.DEPTNO WHERE EMPNO IS NULL
SQL> /

     EMPNO ENAME      JOB              MGR HIREDATE         SAL       COMM     DEPTNO     DEPTNO DNAME          LOC                                   
---------- ---------- --------- ---------- --------- ---------- ---------- ---------- ---------- -------------- -------------                         
                                                                                              40 OPERATIONS     BOSTON                                

SQL> SELECT * FROM EMP NATURAL JOIN SALGRADE;

     EMPNO ENAME      JOB              MGR HIREDATE         SAL       COMM     DEPTNO      GRADE      LOSAL      HISAL                                
---------- ---------- --------- ---------- --------- ---------- ---------- ---------- ---------- ---------- ----------                                
      7369 SMITH      CLERK           7902 17-DEC-80        800                    20          1        700       1200                                
      7499 ALLEN      SALESMAN        7698 20-FEB-81       1600        300         30          1        700       1200                                
      7521 WARD       SALESMAN        7698 22-FEB-81       1250        500         30          1        700       1200                                
      7566 JONES      MANAGER         7839 02-APR-81       2975                    20          1        700       1200                                
      7654 MARTIN     SALESMAN        7698 28-SEP-81       1250       1400         30          1        700       1200                                
      7698 BLAKE      MANAGER         7839 01-MAY-81       2850                    30          1        700       1200                                
      7782 CLARK      MANAGER         7839 09-JUN-81       2450                    10          1        700       1200                                
      7788 SCOTT      ANALYST         7566 19-APR-87       3000                    20          1        700       1200                                
      7839 KING       PRESIDENT            17-NOV-81       5000                    10          1        700       1200                                
      7844 TURNER     SALESMAN        7698 08-SEP-81       1500          0         30          1        700       1200                                
      7876 ADAMS      CLERK           7788 23-MAY-87       1100                    20          1        700       1200                                
      7900 JAMES      CLERK           7698 03-DEC-81        950                    30          1        700       1200                                
      7902 FORD       ANALYST         7566 03-DEC-81       3000                    20          1        700       1200                                
      7934 MILLER     CLERK           7782 23-JAN-82       1300                    10          1        700       1200                                
      7369 SMITH      CLERK           7902 17-DEC-80        800                    20          2       1201       1400                                
      7499 ALLEN      SALESMAN        7698 20-FEB-81       1600        300         30          2       1201       1400                                
      7521 WARD       SALESMAN        7698 22-FEB-81       1250        500         30          2       1201       1400                                
      7566 JONES      MANAGER         7839 02-APR-81       2975                    20          2       1201       1400                                
      7654 MARTIN     SALESMAN        7698 28-SEP-81       1250       1400         30          2       1201       1400                                
      7698 BLAKE      MANAGER         7839 01-MAY-81       2850                    30          2       1201       1400                                
      7782 CLARK      MANAGER         7839 09-JUN-81       2450                    10          2       1201       1400                                
      7788 SCOTT      ANALYST         7566 19-APR-87       3000                    20          2       1201       1400                                
      7839 KING       PRESIDENT            17-NOV-81       5000                    10          2       1201       1400                                
      7844 TURNER     SALESMAN        7698 08-SEP-81       1500          0         30          2       1201       1400                                
      7876 ADAMS      CLERK           7788 23-MAY-87       1100                    20          2       1201       1400                                
      7900 JAMES      CLERK           7698 03-DEC-81        950                    30          2       1201       1400                                
      7902 FORD       ANALYST         7566 03-DEC-81       3000                    20          2       1201       1400                                
      7934 MILLER     CLERK           7782 23-JAN-82       1300                    10          2       1201       1400                                
      7369 SMITH      CLERK           7902 17-DEC-80        800                    20          3       1401       2000                                
      7499 ALLEN      SALESMAN        7698 20-FEB-81       1600        300         30          3       1401       2000                                
      7521 WARD       SALESMAN        7698 22-FEB-81       1250        500         30          3       1401       2000                                
      7566 JONES      MANAGER         7839 02-APR-81       2975                    20          3       1401       2000                                
      7654 MARTIN     SALESMAN        7698 28-SEP-81       1250       1400         30          3       1401       2000                                
      7698 BLAKE      MANAGER         7839 01-MAY-81       2850                    30          3       1401       2000                                
      7782 CLARK      MANAGER         7839 09-JUN-81       2450                    10          3       1401       2000                                
      7788 SCOTT      ANALYST         7566 19-APR-87       3000                    20          3       1401       2000                                
      7839 KING       PRESIDENT            17-NOV-81       5000                    10          3       1401       2000                                
      7844 TURNER     SALESMAN        7698 08-SEP-81       1500          0         30          3       1401       2000                                
      7876 ADAMS      CLERK           7788 23-MAY-87       1100                    20          3       1401       2000                                
      7900 JAMES      CLERK           7698 03-DEC-81        950                    30          3       1401       2000                                
      7902 FORD       ANALYST         7566 03-DEC-81       3000                    20          3       1401       2000                                
      7934 MILLER     CLERK           7782 23-JAN-82       1300                    10          3       1401       2000                                
      7369 SMITH      CLERK           7902 17-DEC-80        800                    20          4       2001       3000                                
      7499 ALLEN      SALESMAN        7698 20-FEB-81       1600        300         30          4       2001       3000                                
      7521 WARD       SALESMAN        7698 22-FEB-81       1250        500         30          4       2001       3000                                
      7566 JONES      MANAGER         7839 02-APR-81       2975                    20          4       2001       3000                                
      7654 MARTIN     SALESMAN        7698 28-SEP-81       1250       1400         30          4       2001       3000                                
      7698 BLAKE      MANAGER         7839 01-MAY-81       2850                    30          4       2001       3000                                
      7782 CLARK      MANAGER         7839 09-JUN-81       2450                    10          4       2001       3000                                
      7788 SCOTT      ANALYST         7566 19-APR-87       3000                    20          4       2001       3000                                
      7839 KING       PRESIDENT            17-NOV-81       5000                    10          4       2001       3000                                
      7844 TURNER     SALESMAN        7698 08-SEP-81       1500          0         30          4       2001       3000                                
      7876 ADAMS      CLERK           7788 23-MAY-87       1100                    20          4       2001       3000                                
      7900 JAMES      CLERK           7698 03-DEC-81        950                    30          4       2001       3000                                
      7902 FORD       ANALYST         7566 03-DEC-81       3000                    20          4       2001       3000                                
      7934 MILLER     CLERK           7782 23-JAN-82       1300                    10          4       2001       3000                                
      7369 SMITH      CLERK           7902 17-DEC-80        800                    20          5       3001       9999                                
      7499 ALLEN      SALESMAN        7698 20-FEB-81       1600        300         30          5       3001       9999                                
      7521 WARD       SALESMAN        7698 22-FEB-81       1250        500         30          5       3001       9999                                
      7566 JONES      MANAGER         7839 02-APR-81       2975                    20          5       3001       9999                                
      7654 MARTIN     SALESMAN        7698 28-SEP-81       1250       1400         30          5       3001       9999                                
      7698 BLAKE      MANAGER         7839 01-MAY-81       2850                    30          5       3001       9999                                
      7782 CLARK      MANAGER         7839 09-JUN-81       2450                    10          5       3001       9999                                
      7788 SCOTT      ANALYST         7566 19-APR-87       3000                    20          5       3001       9999                                
      7839 KING       PRESIDENT            17-NOV-81       5000                    10          5       3001       9999                                
      7844 TURNER     SALESMAN        7698 08-SEP-81       1500          0         30          5       3001       9999                                
      7876 ADAMS      CLERK           7788 23-MAY-87       1100                    20          5       3001       9999                                
      7900 JAMES      CLERK           7698 03-DEC-81        950                    30          5       3001       9999                                
      7902 FORD       ANALYST         7566 03-DEC-81       3000                    20          5       3001       9999                                
      7934 MILLER     CLERK           7782 23-JAN-82       1300                    10          5       3001       9999                                

70 rows selected.

SQL> SELECT * FROM SALGRADE;

     GRADE      LOSAL      HISAL                                                                                                                      
---------- ---------- ----------                                                                                                                      
         1        700       1200                                                                                                                      
         2       1201       1400                                                                                                                      
         3       1401       2000                                                                                                                      
         4       2001       3000                                                                                                                      
         5       3001       9999                                                                                                                      

SQL> SELECT * FROM EMP E1 JOIN EMP E2 ON E1.EMPID=E.MGR;
SELECT * FROM EMP E1 JOIN EMP E2 ON E1.EMPID=E.MGR
                                             *
ERROR at line 1:
ORA-00904: "E"."MGR": invalid identifier 


SQL> ED
Wrote file afiedt.buf

  1* SELECT * FROM EMP E1 JOIN EMP E2 ON E1.EMPID=2.MGR
SQL> /
SELECT * FROM EMP E1 JOIN EMP E2 ON E1.EMPID=2.MGR
                                               *
ERROR at line 1:
ORA-00933: SQL command not properly ended 


SQL> ED
Wrote file afiedt.buf

  1* SELECT * FROM EMP E1 JOIN EMP E2 ON E1.EMPNO=2.MGR
SQL> /
SELECT * FROM EMP E1 JOIN EMP E2 ON E1.EMPNO=2.MGR
                                               *
ERROR at line 1:
ORA-00933: SQL command not properly ended 


SQL> ED
Wrote file afiedt.buf

  1* SELECT * FROM EMP E1 JOIN EMP E2 ON E1.EMPNO=E2.MGR
SQL> /

     EMPNO ENAME      JOB              MGR HIREDATE         SAL       COMM     DEPTNO      EMPNO ENAME      JOB              MGR HIREDATE         SAL 
---------- ---------- --------- ---------- --------- ---------- ---------- ---------- ---------- ---------- --------- ---------- --------- ---------- 
      COMM     DEPTNO                                                                                                                                 
---------- ----------                                                                                                                                 
      7902 FORD       ANALYST         7566 03-DEC-81       3000                    20       7369 SMITH      CLERK           7902 17-DEC-80        800 
                   20                                                                                                                                 
                                                                                                                                                      
      7698 BLAKE      MANAGER         7839 01-MAY-81       2850                    30       7499 ALLEN      SALESMAN        7698 20-FEB-81       1600 
       300         30                                                                                                                                 
                                                                                                                                                      
      7698 BLAKE      MANAGER         7839 01-MAY-81       2850                    30       7521 WARD       SALESMAN        7698 22-FEB-81       1250 
       500         30                                                                                                                                 
                                                                                                                                                      
      7839 KING       PRESIDENT            17-NOV-81       5000                    10       7566 JONES      MANAGER         7839 02-APR-81       2975 
                   20                                                                                                                                 
                                                                                                                                                      
      7698 BLAKE      MANAGER         7839 01-MAY-81       2850                    30       7654 MARTIN     SALESMAN        7698 28-SEP-81       1250 
      1400         30                                                                                                                                 
                                                                                                                                                      
      7839 KING       PRESIDENT            17-NOV-81       5000                    10       7698 BLAKE      MANAGER         7839 01-MAY-81       2850 
                   30                                                                                                                                 
                                                                                                                                                      
      7839 KING       PRESIDENT            17-NOV-81       5000                    10       7782 CLARK      MANAGER         7839 09-JUN-81       2450 
                   10                                                                                                                                 
                                                                                                                                                      
      7566 JONES      MANAGER         7839 02-APR-81       2975                    20       7788 SCOTT      ANALYST         7566 19-APR-87       3000 
                   20                                                                                                                                 
                                                                                                                                                      
      7698 BLAKE      MANAGER         7839 01-MAY-81       2850                    30       7844 TURNER     SALESMAN        7698 08-SEP-81       1500 
         0         30                                                                                                                                 
                                                                                                                                                      
      7788 SCOTT      ANALYST         7566 19-APR-87       3000                    20       7876 ADAMS      CLERK           7788 23-MAY-87       1100 
                   20                                                                                                                                 
                                                                                                                                                      
      7698 BLAKE      MANAGER         7839 01-MAY-81       2850                    30       7900 JAMES      CLERK           7698 03-DEC-81        950 
                   30                                                                                                                                 
                                                                                                                                                      
      7566 JONES      MANAGER         7839 02-APR-81       2975                    20       7902 FORD       ANALYST         7566 03-DEC-81       3000 
                   20                                                                                                                                 
                                                                                                                                                      
      7782 CLARK      MANAGER         7839 09-JUN-81       2450                    10       7934 MILLER     CLERK           7782 23-JAN-82       1300 
                   10                                                                                                                                 
                                                                                                                                                      

13 rows selected.

SQL> SET LINES 150 PAGES 150
SQL> ED
Wrote file afiedt.buf

  1* SELECT * FROM EMP E1 JOIN EMP E2 ON E1.EMPNO=E2.MGR
SQL> /

     EMPNO ENAME      JOB              MGR HIREDATE         SAL       COMM     DEPTNO      EMPNO ENAME      JOB              MGR HIREDATE         SAL 
---------- ---------- --------- ---------- --------- ---------- ---------- ---------- ---------- ---------- --------- ---------- --------- ---------- 
      COMM     DEPTNO                                                                                                                                 
---------- ----------                                                                                                                                 
      7902 FORD       ANALYST         7566 03-DEC-81       3000                    20       7369 SMITH      CLERK           7902 17-DEC-80        800 
                   20                                                                                                                                 
                                                                                                                                                      
      7698 BLAKE      MANAGER         7839 01-MAY-81       2850                    30       7499 ALLEN      SALESMAN        7698 20-FEB-81       1600 
       300         30                                                                                                                                 
                                                                                                                                                      
      7698 BLAKE      MANAGER         7839 01-MAY-81       2850                    30       7521 WARD       SALESMAN        7698 22-FEB-81       1250 
       500         30                                                                                                                                 
                                                                                                                                                      
      7839 KING       PRESIDENT            17-NOV-81       5000                    10       7566 JONES      MANAGER         7839 02-APR-81       2975 
                   20                                                                                                                                 
                                                                                                                                                      
      7698 BLAKE      MANAGER         7839 01-MAY-81       2850                    30       7654 MARTIN     SALESMAN        7698 28-SEP-81       1250 
      1400         30                                                                                                                                 
                                                                                                                                                      
      7839 KING       PRESIDENT            17-NOV-81       5000                    10       7698 BLAKE      MANAGER         7839 01-MAY-81       2850 
                   30                                                                                                                                 
                                                                                                                                                      
      7839 KING       PRESIDENT            17-NOV-81       5000                    10       7782 CLARK      MANAGER         7839 09-JUN-81       2450 
                   10                                                                                                                                 
                                                                                                                                                      
      7566 JONES      MANAGER         7839 02-APR-81       2975                    20       7788 SCOTT      ANALYST         7566 19-APR-87       3000 
                   20                                                                                                                                 
                                                                                                                                                      
      7698 BLAKE      MANAGER         7839 01-MAY-81       2850                    30       7844 TURNER     SALESMAN        7698 08-SEP-81       1500 
         0         30                                                                                                                                 
                                                                                                                                                      
      7788 SCOTT      ANALYST         7566 19-APR-87       3000                    20       7876 ADAMS      CLERK           7788 23-MAY-87       1100 
                   20                                                                                                                                 
                                                                                                                                                      
      7698 BLAKE      MANAGER         7839 01-MAY-81       2850                    30       7900 JAMES      CLERK           7698 03-DEC-81        950 
                   30                                                                                                                                 
                                                                                                                                                      
      7566 JONES      MANAGER         7839 02-APR-81       2975                    20       7902 FORD       ANALYST         7566 03-DEC-81       3000 
                   20                                                                                                                                 
                                                                                                                                                      
      7782 CLARK      MANAGER         7839 09-JUN-81       2450                    10       7934 MILLER     CLERK           7782 23-JAN-82       1300 
                   10                                                                                                                                 
                                                                                                                                                      

13 rows selected.

SQL> SPOOL OFF
